<?xml version="1.0" encoding="UTF-8"?>
<project-private xmlns="http://www.netbeans.org/ns/project-private/1">
    <editor-bookmarks xmlns="http://www.netbeans.org/ns/editor-bookmarks/2" lastBookmarkId="0"/>
    <open-files xmlns="http://www.netbeans.org/ns/projectui-open-files/2">
        <group>
            <file>file:/Users/caoimhemalone/NetBeansProjects/Project/src/project/ProjectApp.java</file>
            <file>file:/Users/caoimhemalone/NetBeansProjects/Project/src/project/Quiz.java</file>
            <file>file:/Users/caoimhemalone/NetBeansProjects/Project/src/project/Level.java</file>
            <file>file:/Users/caoimhemalone/NetBeansProjects/Project/src/project/MarkingSchemePhy.java</file>
            <file>file:/Users/caoimhemalone/NetBeansProjects/Project/src/project/ModuleDescriptorPhy.java</file>
            <file>file:/Users/caoimhemalone/NetBeansProjects/Project/src/project/ExperimentsPhy.java</file>
            <file>file:/Users/caoimhemalone/NetBeansProjects/Project/src/project/lcPhy.java</file>
            <file>file:/Users/caoimhemalone/NetBeansProjects/Project/src/project/GUI.java</file>
        </group>
    </open-files>
</project-private>
